DomainName,Expiring_Date,PageRank,AlexaRank,Backlink_Info
canadianpharmacyonli.com,2021-07-11,41.8 K,0,242.8 K
cialisb.com,2021-07-09,120.4 K,0,25.0 K
cialisvv.com,2021-07-09,163.0 K,0,14.3 K
cialisonli.com,2021-07-11,73.3 K,0,33.7 K
JudasOnline.com,2021-07-10,0,0,0
vulkanklub777.ru,2021-07-10,199.6 K,0,45.4 K
lssbzl.com,2021-07-09,0,0,25
xctowel.com,2021-07-08,0,0,0
pspabx.com,2021-07-12,0,0,0
xdsms.com,2021-07-09,0,0,0
oedda.com,2021-07-12,0,0,0
aisawu.com,2021-07-11,0,0,0
bn665.com,2021-07-10,0,0,0
hrbgkqx.com,2021-07-12,0,0,0
autepae.com,2021-07-12,0,0,0
jswurui.com,2021-07-09,0,0,0
Menu160.com,2021-07-12,0,0,0
tjcjky.com,2021-07-08,0,0,0
zxhlm.com,2021-07-10,0,0,0
sqmob.com,2021-07-11,0,0,0
cialissv.com,2021-07-11,152.1 K,0,16.1 K
bedandbreakfastcasamalerba.it,2021-07-27,46.4 K,8.3 M,322.4 K
rolex-replicawatches.com.co,2021-07-16,66.3 K,6.9 M,1.3 M
zhonghuanzs.com,2021-07-11,0,0,108
TisOnSteel.com,2021-07-12,0,0,0
dearfctb.com,2021-07-12,0,0,0
weimeisoft.com,2021-07-10,0,0,0
sc-red.com,2021-07-12,0,0,0
